Thelma,Murray,4.99
Dwight,Lombardi,7.99
Grace,Ellis,4.99
Norma,Gonzales,4.99
Jennie,Terry,2.99
Timothy,Bunn,4.99
Vernon,Chapa,4.99
Victor,Barkley,0.99
Leo,Ebert,2.99
Maurice,Crawley,6.99
Felicia,Sutton,2.99
Paula,Bryant,0.99
Victoria,Gibson,3.99
Billy,Poulin,0.99
Gail,Knight,0.00
Caroline,Bowman,5.99
Dustin,Gillette,0.99
Colleen,Burton,4.99
Catherine,Campbell,2.99
Mildred,Bailey,0.00
Carrie,Porter,5.99
Ella,Oliver,0.99
Arnold,Havens,0.99
Kimberly,Lee,0.99
Terrence,Gunderson,10.99
Eduardo,Hiatt,4.99
James,Gannon,0.99
Darlene,Rose,4.99
Darren,Windham,0.99
Brandy,Graves,5.99
Alexander,Fennell,6.99
Darryl,Ashcraft,2.99
Beatrice,Arnold,9.99
Ross,Grey,0.99
Allen,Butterfield,0.99
Christy,Vargas,4.99
Billie,Horton,2.99
Christian,Jung,2.99
Dale,Ratcliff,2.99
Hector,Poindexter,0.99
Gene,Sanborn,4.99
Gina,Williamson,2.99
Peggy,Myers,0.99
Naomi,Jennings,0.99
Fred,Wheat,0.99
Maureen,Little,2.99
Diana,Alexander,4.99
Becky,Miles,0.99
Sherri,Rhodes,0.99
Eugene,Culpepper,2.99
Brett,Cornwell,4.99
Connie,Wallace,8.99
Marcia,Dean,0.99
Jared,Ely,6.99
Michael,Silverman,5.99
Jackie,Lynch,0.99
Jo,Fowler,0.99
Bernard,Colby,4.99
Kenneth,Gooden,2.99
Francisco,Skidmore,5.99
Duane,Tubbs,3.99
Sue,Peters,4.99
Jessie,Milam,2.99
Ricardo,Meador,4.99
Pedro,Chestnut,3.99
Clara,Shaw,0.99
Lorraine,Stephens,4.99
Walter,Perryman,4.99
Kristina,Chambers,1.99
Ida,Andrews,2.99
Dora,Medina,4.99
Perry,Swafford,4.99
Erica,Matthews,0.99
Elizabeth,Brown,0.99
Ruben,Geary,2.99
Robert,Baughman,4.99
Cindy,Fisher,4.99
Anna,Hill,0.99
Linda,Williams,4.99
Bonnie,Hughes,2.99
Carmen,Owens,2.99
Annette,Olson,0.00
Gary,Coy,2.99
David,Royal,6.99
Tommy,Collazo,4.99
Donna,Thompson,0.99
Alice,Stewart,0.99
Nicholas,Barfield,4.99
Priscilla,Lowe,0.99
Juanita,Mason,0.99
Marsha,Douglas,4.99
Justin,Ngo,0.00
Erika,Pena,5.99
Angel,Barclay,4.99
Tamara,Nguyen,0.99
Leonard,Schofield,0.99
Betty,White,4.99
Austin,Cintron,2.99
Craig,Morrell,0.99
Oscar,Aquino,5.99
Enrique,Forsythe,0.99
Hazel,Warren,4.99
Leroy,Bustamante,2.99
Lois,Butler,4.99
Geraldine,Perkins,0.99
Shannon,Freeman,4.99
Greg,Robins,4.99
Theresa,Watson,4.99
Gregory,Mauldin,0.99
Francis,Sikes,0.99
Marc,Outlaw,0.99
Mark,Rinehart,3.99
Joe,Gilliland,2.99
Amy,Lopez,2.99
Patrick,Newsom,2.99
Ruth,Martinez,7.99
Joseph,Joy,4.99
Marie,Turner,4.99
Louise,Jenkins,4.99
Micheal,Forman,0.99
Marilyn,Ross,2.99
Charlotte,Hunter,5.99
Stella,Moreno,5.99
Samantha,Duncan,1.99
Martin,Bales,0.99
Yvonne,Watkins,2.99
Robin,Hayes,0.99
Gloria,Cook,4.99
Sherry,Marshall,0.99
Joanne,Robertson,0.99
Tina,Simmons,4.99
Reginald,Kinder,3.99
Doris,Reed,2.99
Julian,Vest,3.99
Mathew,Bolin,4.99
Patsy,Davidson,6.99
Lisa,Anderson,0.99
Edwin,Burk,2.99
Laura,Rodriguez,4.99
Pamela,Baker,5.99
Adrian,Clary,2.99
Tanya,Gilbert,2.99
Valerie,Black,2.99
Wade,Delvalle,4.99
Claudia,Fuller,0.99
Jason,Morrissey,1.99
Jay,Robb,0.99
Darrell,Power,2.99
Max,Pitt,2.99
Tammy,Sanders,0.00
Cory,Meehan,2.99
Dorothy,Taylor,4.99
Deanna,Byrd,4.99
Paul,Trout,4.99
Miguel,Betancourt,0.00
Isaac,Oglesby,4.99
Mary,Smith,2.99
Cassandra,Walters,0.00
Bradley,Motley,10.99
Charlie,Bess,0.99
Anthony,Schwab,0.99
Chris,Brothers,4.99
Ben,Easter,0.99
Clinton,Buford,4.99
Toni,Holt,7.99
Vicki,Fields,0.99
Bertha,Ferguson,0.99
Lucy,Wheeler,0.00
Minnie,Romero,5.99
Herbert,Kruger,2.99
Calvin,Martel,1.99
Cynthia,Young,2.99
Ian,Still,0.99
Edna,West,2.99
Lillian,Griffin,2.99
Harry,Arce,6.99
Kelly,Knott,3.99
Ralph,Madrigal,3.99
Chester,Benner,4.99
Jessica,Hall,0.99
Tracy,Cole,4.99
Alvin,Deloach,4.99
Lucille,Holmes,0.99
Gwendolyn,May,2.99
Alberto,Henning,2.99
Richard,Mccrary,4.99
Jorge,Olivares,8.99
Kent,Arsenault,0.99
Manuel,Murrell,4.99
Franklin,Troutman,3.99
Mike,Way,5.99
Lena,Jensen,7.99
Nathaniel,Adam,9.99
Ernest,Stepp,1.99
June,Carroll,6.99
Rodney,Moeller,0.99
Ronald,Weiner,0.99
Dennis,Gilman,7.99
Elsie,Kelley,2.99
Delores,Hansen,1.99
Carla,Gutierrez,4.99
Phillip,Holm,4.99
Tracy,Herrmann,4.99
Karen,Jackson,4.99
Dolores,Wagner,5.99
John,Farnsworth,4.99
Velma,Lucas,5.99
Hugh,Waldrop,8.99
Jennifer,Davis,0.99
Charlene,Alvarez,2.99
Seth,Hannon,2.99
Morris,Mccarter,0.00
Larry,Thrasher,2.99
Leslie,Gordon,0.99
Bessie,Morrison,0.99
Edward,Baugh,0.99
Andy,Vanhorn,2.99
Joy,George,9.99
Leslie,Seward,2.99
Arthur,Simpkins,2.99
Ken,Prewitt,7.99
Lydia,Burke,5.99
Eddie,Tomlin,4.99
Herman,Devore,3.99
Lynn,Payne,8.99
Willard,Lumpkin,2.99
Carl,Artis,8.99
Jamie,Waugh,4.99
Angela,Hernandez,0.99
Penny,Neal,7.99
Johnnie,Chisholm,4.99
Shelly,Watts,4.99
Myrtle,Fleming,4.99
Brent,Harkins,2.99
Theodore,Culp,0.99
Glen,Talbert,2.99
Jessie,Banks,0.99
Erin,Dunn,2.99
Keith,Rico,3.99
Don,Bone,3.99
Eric,Robert,6.99
Audrey,Ray,2.99
Gerald,Fultz,6.99
Alfred,Casillas,2.99
Jerome,Kenyon,5.99
Agnes,Bishop,2.99
Dianne,Shelton,4.99
Sandra,Martin,5.99
Willie,Markham,4.99
Daryl,Larue,0.99
Ann,Evans,7.99
Stanley,Scroggins,2.99
Nancy,Thomas,5.99
Rose,Howard,3.99
Diane,Collins,6.99
Alicia,Mills,4.99
Glenn,Pullen,2.99
Brenda,Wright,0.99
Terry,Grissom,0.99
Tim,Cary,6.99
Everett,Banda,2.99
Erik,Guillen,0.99
Marion,Snyder,4.99
Chad,Carbone,2.99
Byron,Box,5.99
Roy,Whiting,8.99
Alex,Gresham,3.99
Allison,Stanley,0.00
Warren,Sherrod,0.99
Janice,Ward,5.99
Yolanda,Weaver,4.99
Bobbie,Craig,0.99
Mae,Fletcher,2.99
Katie,Elliott,2.99
Beth,Franklin,2.99
Cecil,Vines,0.99
Karl,Seal,2.99
Albert,Crouse,2.99
Clayton,Barbee,4.99
Rosa,Reynolds,2.99
Tonya,Chapman,0.99
Ted,Breaux,8.99
Leon,Bostic,2.99
Brandon,Huey,4.99
Ronnie,Ricketts,4.99
Jeffery,Pinson,2.99
Marlene,Welch,5.99
Benjamin,Varney,0.99
Alan,Kahn,4.99
Armando,Gruber,4.99
Terrance,Roush,0.99
Louis,Leone,0.99
Amber,Dixon,4.99
Christopher,Greco,0.99
Stacy,Cunningham,4.99
Clyde,Tobias,0.99
Ellen,Simpson,4.99
Michelle,Clark,2.99
Christine,Roberts,0.00
Nina,Soto,1.99
Wanda,Patterson,4.99
Jonathan,Scarborough,2.99
Ron,Deluca,5.99
Charles,Kowalski,6.99
Ruby,Washington,7.99
Melvin,Ellington,2.99
Mario,Cheatham,4.99
Jacqueline,Long,4.99
Kristen,Chavez,7.99
Salvador,Teel,2.99
Evelyn,Morgan,4.99
Nora,Herrera,5.99
Shirley,Allen,4.99
Kim,Cruz,1.99
Natalie,Meyer,0.00
Wallace,Slone,0.99
Roger,Quintanilla,2.99
Andre,Rapp,4.99
Kyle,Spurlock,0.99
Dan,Paine,8.99
Sam,Mcduffie,0.99
Elaine,Stevens,2.99
Violet,Rodriquez,2.99
Joel,Francisco,2.99
Beverly,Brooks,2.99
Alfredo,Mcadams,6.99
Joann,Gardner,4.99
Jenny,Castro,0.99
Cody,Nolen,9.99
Lori,Wood,5.99
Arlene,Harvey,2.99
Claude,Herzog,3.99
Eleanor,Hunt,4.99
Jon,Wiles,2.99
Monica,Hicks,2.99
Clarence,Gamez,7.99
Jeanne,Lawson,2.99
Susan,Wilson,0.99
Tracey,Barrett,0.99
Kirk,Stclair,2.99
Joshua,Mark,0.99
Fernando,Churchill,3.99
Rene,Mcalister,6.99
Sarah,Lewis,2.99
Jacob,Lance,0.99
Vickie,Brewer,0.99
Rachel,Barnes,0.99
Jerry,Jordon,0.99
Christina,Ramirez,2.99
Debbie,Reyes,2.99
Joan,Cooper,0.99
Olga,Jimenez,0.99
Jeremy,Hurtado,2.99
Eileen,Carr,4.99
Milton,Howland,0.99
Wendy,Harrison,2.99
Andrew,Purdy,2.99
Lloyd,Dowd,0.99
Randy,Gaither,0.99
Gladys,Hamilton,4.99
Tara,Ryan,10.99
Pearl,Garza,0.99
Felix,Gaffney,4.99
Luis,Yanez,0.99
Heather,Morris,0.00
Miriam,Mckinney,0.99
Anne,Powell,2.99
Lewis,Lyman,0.99
Lillie,Kim,0.99
Lawrence,Lawton,0.00
Phyllis,Foster,0.99
Edith,Mcdonald,2.99
Anita,Morales,5.99
Frances,Parker,4.99
Scott,Shelley,2.99
Todd,Tan,5.99
Kathleen,Adams,0.99
Danielle,Daniels,2.99
Melinda,Fernandez,7.99
Derek,Blakely,4.99
Margaret,Moore,4.99
Ashley,Richardson,0.99
Janet,Phillips,3.99
Jamie,Rice,3.99
Michele,Grant,2.99
Melanie,Armstrong,2.99
Eva,Ramos,0.99
Ryan,Salisbury,2.99
Dave,Gardiner,2.99
Mabel,Holland,2.99
Bruce,Schwarz,2.99
Wesley,Bull,4.99
Roland,South,4.99
Carole,Barnett,2.99
William,Satterfield,2.99
Sharon,Robinson,3.99
Ana,Bradley,2.99
Glenda,Frazier,6.99
Bill,Gavin,0.00
Thomas,Grigsby,7.99
Jesus,Mccartney,2.99
Marvin,Yee,0.99
Kathy,James,0.99
Marcus,Hidalgo,1.99
Juan,Fraley,4.99
Carol,Garcia,4.99
Zachary,Hite,0.99
Marshall,Thorn,1.99
Pauline,Henry,0.99
Nathan,Runyon,8.99
George,Linton,6.99
Jose,Andrew,4.99
Vivian,Ruiz,0.99
Floyd,Gandy,2.99
Kathryn,Coleman,6.99
Mitchell,Westmoreland,0.99
Steve,Mackenzie,5.99
Jesse,Schilling,2.99
Margie,Wade,0.00
Rafael,Abney,4.99
Henry,Billingsley,4.99
Brittany,Riley,2.99
Philip,Causey,1.99
Lonnie,Tirado,3.99
Jill,Hawkins,4.99
Raul,Fortier,4.99
Curtis,Irby,2.99
Julie,Sanchez,4.99
Suzanne,Nichols,4.99
Misty,Lambert,1.99
Julio,Noland,4.99
Wayne,Truong,0.99
Elmer,Noe,0.00
Harvey,Guajardo,6.99
Bob,Pfeiffer,6.99
Cheryl,Murphy,6.99
Deborah,Walker,2.99
Allan,Cornish,0.99
Jaime,Nettles,5.99
Emma,Boyd,1.99
Martha,Gonzalez,2.99
Marian,Mendoza,4.99
Renee,Lane,8.99
Lester,Kraus,2.99
Regina,Berry,0.99
Javier,Elrod,4.99
Rita,Graham,5.99
Dean,Sauer,2.99
Sylvia,Ortiz,4.99
Kelly,Torres,7.99
Vera,Mccoy,0.99
Howard,Fortner,8.99
Jimmie,Eggleston,2.99
Holly,Fox,2.99
Mattie,Hoffman,4.99
Carolyn,Perez,0.00
Edgar,Rhoads,2.99
Sally,Pierce,4.99
Rick,Mattox,4.99
Douglas,Graf,2.99
Daniel,Cabral,2.99
Sara,Perry,4.99
Stacey,Montgomery,4.99
Emily,Diaz,0.99
Florence,Woods,0.00
Adam,Gooch,4.99
Courtney,Day,2.99
Jim,Rea,2.99
Casey,Mena,2.99
Terri,Vasquez,2.99
Constance,Reid,2.99
Frederick,Isbell,0.99
Neil,Renner,0.99
Katherine,Rivera,6.99
Stephen,Qualls,4.99
Randall,Neumann,8.99
Derrick,Bourque,0.99
Dawn,Sullivan,9.99
Teresa,Rogers,4.99
Nicole,Peterson,7.99
Denise,Kelly,3.99
Peter,Menard,9.99
Virginia,Green,6.99
Alma,Austin,4.99
Barry,Lovelace,0.99
Freddie,Duggan,4.99
Viola,Hanson,4.99
Jimmy,Schrader,1.99
Debra,Nelson,0.99
Sergio,Stanfield,0.99
Terry,Carlson,6.99
Ray,Houle,2.99
Raymond,Mcwhorter,0.99
Maxine,Silva,1.99
Jordan,Archuleta,0.00
Earl,Shanks,6.99
Amanda,Carter,1.99
Rosemary,Schmidt,2.99
Nellie,Garrett,7.99
Aaron,Selby,2.99
Rhonda,Kennedy,6.99
Danny,Isom,2.99
April,Burns,0.99
Steven,Curley,6.99
Lauren,Hudson,0.99
Esther,Crawford,1.99
Stephanie,Mitchell,2.99
Tiffany,Jordan,2.99
Cathy,Spencer,0.00
Gilbert,Sledge,4.99
Judy,Gray,0.99
Sheila,Wells,3.99
Shane,Millard,0.99
Andrea,Henderson,3.99
Norman,Currier,4.99
Ramona,Hale,2.99
Bryan,Hardison,2.99
Ramon,Choate,7.99
Gabriel,Harder,2.99
Troy,Quigley,3.99
Barbara,Jones,5.99
Jean,Bell,0.99
Jeff,East,4.99
Gertrude,Castillo,2.99
Irma,Pearson,6.99
Joyce,Edwards,4.99
Bernice,Willis,5.99
Patricia,Johnson,2.99
Tyler,Wren,2.99
Shawn,Heaton,4.99
Jeanette,Greene,0.99
Ivan,Cromwell,0.99
Travis,Estep,2.99
Antonio,Meek,1.99
Megan,Palmer,2.99
Leona,Obrien,4.99
Lance,Pemberton,0.99
Annie,Russell,4.99
Matthew,Mahan,4.99
Georgia,Jacobs,2.99
Jane,Bennett,4.99
Harold,Martino,4.99
Vincent,Ralston,5.99
Willie,Howell,4.99
Brian,Wyman,5.99
Samuel,Marlow,2.99
Loretta,Carpenter,4.99
Johnny,Turpin,7.99
Virgil,Wofford,1.99
Clifton,Malcolm,6.99
Melissa,King,2.99
Gordon,Allard,4.99
Ricky,Shelby,4.99
Kristin,Johnston,2.99
Marjorie,Tucker,2.99
Hilda,Hopkins,0.99
Kevin,Schuler,0.99
Marion,Ocampo,4.99
Vanessa,Sims,4.99
Tom,Milner,4.99
Nelson,Christenson,0.99
Heidi,Larson,5.99
Roberto,Vu,8.99
Tyrone,Asher,2.99
Dana,Hart,4.99
Maria,Miller,7.99
Dwayne,Olvera,2.99
Donald,Mahon,2.99
Veronica,Stone,2.99
Laurie,Lawrence,4.99
Guy,Brownlee,2.99
Bobby,Boudreau,4.99
Tony,Carranza,0.99
Corey,Hauser,4.99
Rebecca,Scott,3.99
Julia,Flores,4.99
Crystal,Ford,4.99
Brad,Mccurdy,4.99
Jack,Foust,0.99
Josephine,Gomez,8.99
Helen,Harris,0.00
Leah,Curtis,3.99
Russell,Brinson,10.99
Frank,Waggoner,6.99
Clifford,Bowens,6.99
Carlos,Coughlin,4.99
Kurt,Emmons,2.99
Judith,Cox,4.99
Kay,Caldwell,10.99
Sidney,Burleson,4.99
Irene,Price,0.99
Daisy,Bates,0.99
Lee,Hawks,0.99
Sonia,Gregory,0.00
Ethel,Webb,2.99
Wilma,Richards,3.99
Roberta,Harper,2.99
Jeffrey,Spear,2.99
Sean,Douglass,0.99
